Delta,Time,CPU_FREQUENCY_0,CPU_FREQUENCY_1,CPU_FREQUENCY_2,CPU_FREQUENCY_3,CPU_FREQUENCY_4,CPU_FREQUENCY_5,CPU_FREQUENCY_6,CPU_FREQUENCY_7,CPU_USAGE_0,CPU_USAGE_1,CPU_USAGE_2,CPU_USAGE_3,CPU_USAGE_4,CPU_USAGE_5,CPU_USAGE_6,CPU_USAGE_7,SYSTEM_POWER (Watts),TOTAL_MEMORY,TOTAL_SWAP,USED_MEMORY,USED_SWAP
0,1764541482810,3204,3204,3204,3204,3204,3204,3204,3204,0,50,0,0,0,0,0,0,7.627681732177734,17179869184,0,9297264640,0
204,1764541482811,3204,3204,3204,3204,3204,3204,3204,3204,100,NaN,0,NaN,NaN,NaN,NaN,0,7.627681732177734,17179869184,0,9298067456,0
204,1764541483016,3204,3204,3204,3204,3204,3204,3204,3204,26.3157901763916,19.047618865966797,10,14.285715103149414,38.095237731933594,33.333335876464844,5,5,7.627681732177734,17179869184,0,9329459200,0
204,1764541483221,3204,3204,3204,3204,3204,3204,3204,3204,61.904762268066406,57.894737243652344,60.000003814697266,52.38095474243164,66.66667175292969,66.66667175292969,52.38095474243164,52.38095474243164,7.486451148986816,17179869184,0,9407250432,0
207,1764541483425,3204,3204,3204,3204,3204,3204,3204,3204,71.42857360839844,71.42857360839844,71.42857360839844,70,94.73684692382813,85.71428680419922,80,75,7.486451148986816,17179869184,0,9475784704,0
179,1764541483658,3204,3204,3204,3204,3204,3204,3204,3204,69.56521606445313,68.18181610107422,68.18181610107422,66.66667175292969,88,73.91304016113281,70.83332824707031,75,7.486451148986816,17179869184,0,9588277248,0
200,1764541483841,3204,3204,3204,3204,3204,3204,3204,3204,100,100,100,100,100,100,100,100,7.486451148986816,17179869184,0,9648406528,0
204,1764541484041,3204,3204,3204,3204,3204,3204,3204,3204,100,100,100,100,100,100,100,100,7.486451148986816,17179869184,0,9648406528,0
204,1764541484246,3204,3204,3204,3204,3204,3204,3204,3204,78.94737243652344,70,75,72.22222137451172,57.142860412597656,52.38095474243164,66.66667175292969,55,9.333374977111816,17179869184,0,9648406528,0
202,1764541484451,3204,3204,3204,3204,3204,3204,3204,3204,85.71428680419922,85.71428680419922,90.47618865966797,86.36363983154297,85.71428680419922,78.94737243652344,85.71428680419922,85,9.333374977111816,17179869184,0,10023911424,0
204,1764541484654,3204,3204,3204,3204,3204,3204,3204,3204,65,70,65,63.15789031982422,80,61.904762268066406,60.000003814697266,71.42857360839844,9.333374977111816,17179869184,0,10040672256,0
204,1764541484859,3204,3204,3204,3204,3204,3204,3204,3204,52.38095474243164,50,50,45.45454788208008,85,80,80,90.47618865966797,9.333374977111816,17179869184,0,10040672256,0
204,1764541485064,3204,3204,3204,3204,3204,3204,3204,3204,31.57894515991211,30.000001907348633,28.571430206298828,25,90.47618865966797,85.71428680419922,85,85,9.333374977111816,17179869184,0,10040672256,0
204,1764541485269,3204,3204,3204,3204,3204,3204,3204,3204,23.809524536132813,19.047618865966797,21.052631378173828,30.000001907348633,45,70,28.571430206298828,65,23.369855880737305,17179869184,0,10040672256,0
204,1764541485473,3204,3204,3204,3204,3204,3204,3204,3204,25,30.000001907348633,33.333335876464844,25,33.333335876464844,45,23.809524536132813,10,23.369855880737305,17179869184,0,10053468160,0
202,1764541485679,3204,3204,3204,3204,3204,3204,3204,3204,14.285715103149414,14.285715103149414,9.523809432983398,4.761904716491699,35,61.904762268066406,10.526315689086914,9.523809432983398,23.369855880737305,17179869184,0,10018111488,0
204,1764541485881,3204,3204,3204,3204,3204,3204,3204,3204,15.789472579956055,10.526315689086914,10,10,40,35,30.000001907348633,10,23.369855880737305,17179869184,0,10026975232,0
204,1764541486086,3204,3204,3204,3204,3204,3204,3204,3204,76.19047546386719,61.904762268066406,60.000003814697266,55,90.47618865966797,90,80.95238494873047,76.19047546386719,23.369855880737305,17179869184,0,10122706944,0
204,1764541486291,3204,3204,3204,3204,3204,3204,3204,3204,33.333335876464844,25,23.809524536132813,35,71.42857360839844,47.619049072265625,66.66667175292969,52.6315803527832,21.837806701660156,17179869184,0,10122706944,0
204,1764541486496,3204,3204,3204,3204,3204,3204,3204,3204,52.6315803527832,52.38095474243164,52.38095474243164,52.38095474243164,84.21052551269531,85.71428680419922,61.904762268066406,77.2727279663086,21.837806701660156,17179869184,0,10168025088,0
202,1764541486701,3204,3204,3204,3204,3204,3204,3204,3204,38.095237731933594,35,26.3157901763916,25,85.71428680419922,60.000003814697266,80,61.904762268066406,21.837806701660156,17179869184,0,10211885056,0
201,1764541486903,3204,3204,3204,3204,3204,3204,3204,3204,25,33.333335876464844,19.047618865966797,15.000000953674316,85,70,47.36842346191406,63.15789031982422,21.837806701660156,17179869184,0,10218962944,0
200,1764541487105,3204,3204,3204,3204,3204,3204,3204,3204,73.68421173095703,75,65,65,25,25,14.285715103149414,25,21.837806701660156,17179869184,0,10359717888,0
204,1764541487305,3204,3204,3204,3204,3204,3204,3204,3204,50,31.57894515991211,31.57894515991211,35,85,42.85714340209961,35,47.619049072265625,16.544639587402344,17179869184,0,10323771392,0
201,1764541487510,3204,3204,3204,3204,3204,3204,3204,3204,42.85714340209961,33.333335876464844,28.571430206298828,28.571430206298828,42.85714340209961,25,19.047618865966797,15.789472579956055,16.544639587402344,17179869184,0,10276257792,0
201,1764541487711,3204,3204,3204,3204,3204,3204,3204,3204,40,36.842105865478516,30.000001907348633,26.3157901763916,57.894737243652344,42.105262756347656,40,42.85714340209961,16.544639587402344,17179869184,0,10340843520,0
200,1764541487913,3204,3204,3204,3204,3204,3204,3204,3204,10.526315689086914,15.000000953674316,5.263157844543457,5,5,9.090909004211426,0,0,16.544639587402344,17179869184,0,10335731712,0
204,1764541488114,3204,3204,3204,3204,3204,3204,3204,3204,23.809524536132813,23.809524536132813,19.047618865966797,15.000000953674316,9.523809432983398,0,9.523809432983398,4.761904716491699,16.544639587402344,17179869184,0,10362159104,0
204,1764541488319,3204,3204,3204,3204,3204,3204,3204,3204,20,15.000000953674316,5.263157844543457,9.523809432983398,15.000000953674316,10,0,0,18.794355392456055,17179869184,0,10344742912,0
200,1764541488524,3204,3204,3204,3204,3204,3204,3204,3204,20,15.000000953674316,18.18181800842285,10,5,0,9.090909004211426,0,18.794355392456055,17179869184,0,10344153088,0
202,1764541488725,3204,3204,3204,3204,3204,3204,3204,3204,15.000000953674316,10.526315689086914,15.000000953674316,19.047618865966797,47.619049072265625,42.85714340209961,0,0,18.794355392456055,17179869184,0,10357243904,0
201,1764541488928,3204,3204,3204,3204,3204,3204,3204,3204,50,28.571430206298828,26.3157901763916,35,25,40,35,45,18.794355392456055,17179869184,0,10305798144,0
200,1764541489130,3204,3204,3204,3204,3204,3204,3204,3204,50,25,19.047618865966797,20,25,33.333335876464844,15.000000953674316,15.000000953674316,18.794355392456055,17179869184,0,10338828288,0
201,1764541489330,3204,3204,3204,3204,3204,3204,3204,3204,45,50,30.000001907348633,26.3157901763916,5.263157844543457,0,5,0,12.28453254699707,17179869184,0,10338074624,0
200,1764541489532,3204,3204,3204,3204,3204,3204,3204,3204,15.000000953674316,15.000000953674316,10.526315689086914,9.523809432983398,10,10,5,4.761904716491699,12.28453254699707,17179869184,0,10338353152,0
204,1764541489733,3204,3204,3204,3204,3204,3204,3204,3204,15.000000953674316,20,10,5,15.000000953674316,10,5,5,12.28453254699707,17179869184,0,10335092736,0
204,1764541489938,3204,3204,3204,3204,3204,3204,3204,3204,19.047618865966797,15.000000953674316,9.523809432983398,5,14.285715103149414,10,9.523809432983398,0,12.28453254699707,17179869184,0,10333585408,0
203,1764541490143,3204,3204,3204,3204,3204,3204,3204,3204,15.000000953674316,14.285715103149414,10,4.761904716491699,23.809524536132813,10,10,14.285715103149414,12.28453254699707,17179869184,0,10313318400,0
204,1764541490346,3204,3204,3204,3204,3204,3204,3204,3204,66.66667175292969,60.000003814697266,60.000003814697266,63.15789031982422,45,38.095237731933594,35,26.3157901763916,10.953781127929688,17179869184,0,10344235008,0
199,1764541490552,3204,3204,3204,3204,3204,3204,3204,3204,15.000000953674316,14.285715103149414,14.285715103149414,9.523809432983398,9.523809432983398,5,0,4.761904716491699,10.953781127929688,17179869184,0,10345545728,0
204,1764541490752,3204,3204,3204,3204,3204,3204,3204,3204,15.000000953674316,15.789472579956055,15.000000953674316,15.000000953674316,5.263157844543457,5,4.761904716491699,0,10.953781127929688,17179869184,0,10345529344,0
200,1764541490957,3204,3204,3204,3204,3204,3204,3204,3204,10.526315689086914,10,5,0,0,0,4.761904716491699,0,10.953781127929688,17179869184,0,10345152512,0
204,1764541491158,3204,3204,3204,3204,3204,3204,3204,3204,33.333335876464844,30.000001907348633,25,19.047618865966797,25,14.285715103149414,5.263157844543457,9.523809432983398,9.166475296020508,17179869184,0,10345152512,0
204,1764541491363,3204,3204,3204,3204,3204,3204,3204,3204,25,19.047618865966797,14.285715103149414,10,23.809524536132813,14.285715103149414,9.523809432983398,4.761904716491699,9.166475296020508,17179869184,0,10345152512,0
201,1764541491568,3204,3204,3204,3204,3204,3204,3204,3204,19.047618865966797,20,20,14.285715103149414,10,5,5,0,9.166475296020508,17179869184,0,10318200832,0
204,1764541491770,3204,3204,3204,3204,3204,3204,3204,3204,52.6315803527832,50,50,47.36842346191406,40,35,38.095237731933594,30.000001907348633,9.166475296020508,17179869184,0,10290298880,0
204,1764541491975,3204,3204,3204,3204,3204,3204,3204,3204,20,23.809524536132813,15.000000953674316,18.18181800842285,28.571430206298828,10,0,0,9.166475296020508,17179869184,0,10289152000,0
203,1764541492180,3204,3204,3204,3204,3204,3204,3204,3204,19.047618865966797,20,14.285715103149414,10.526315689086914,20,14.285715103149414,4.761904716491699,4.761904716491699,8.727546691894531,17179869184,0,10287284224,0
204,1764541492384,3204,3204,3204,3204,3204,3204,3204,3204,15.000000953674316,19.047618865966797,5.263157844543457,9.090909004211426,25,15.000000953674316,10,5,8.727546691894531,17179869184,0,10287349760,0
204,1764541492589,3204,3204,3204,3204,3204,3204,3204,3204,19.047618865966797,25,14.285715103149414,10,14.285715103149414,14.285715103149414,14.285715103149414,4.761904716491699,8.727546691894531,17179869184,0,10288480256,0
204,1764541492794,3204,3204,3204,3204,3204,3204,3204,3204,35,30.000001907348633,35,20,55,47.36842346191406,47.619049072265625,40,8.727546691894531,17179869184,0,10349510656,0
204,1764541492999,3204,3204,3204,3204,3204,3204,3204,3204,5,10,9.523809432983398,10,14.285715103149414,4.761904716491699,0,0,8.727546691894531,17179869184,0,10345480192,0
200,1764541493204,3204,3204,3204,3204,3204,3204,3204,3204,28.571430206298828,23.809524536132813,15.000000953674316,15.000000953674316,0,4.761904716491699,5,0,8.42029094696045,17179869184,0,10344398848,0
204,1764541493405,3204,3204,3204,3204,3204,3204,3204,3204,47.36842346191406,35,45,40,25,20,14.285715103149414,10,8.42029094696045,17179869184,0,10318233600,0
202,1764541493610,3204,3204,3204,3204,3204,3204,3204,3204,38.095237731933594,25,23.809524536132813,15.000000953674316,19.047618865966797,10,9.523809432983398,5,8.42029094696045,17179869184,0,10350264320,0
203,1764541493814,3204,3204,3204,3204,3204,3204,3204,3204,30.000001907348633,25,25,28.571430206298828,15.000000953674316,28.571430206298828,10.526315689086914,9.523809432983398,8.42029094696045,17179869184,0,10339155968,0
203,1764541494018,3204,3204,3204,3204,3204,3204,3204,3204,45,40,38.095237731933594,33.333335876464844,80.95238494873047,60.000003814697266,80,70,8.42029094696045,17179869184,0,10434805760,0
203,1764541494221,3204,3204,3204,3204,3204,3204,3204,3204,30.000001907348633,33.333335876464844,25,15.789472579956055,15.789472579956055,15.000000953674316,4.761904716491699,4.761904716491699,9.529879570007324,17179869184,0,10434805760,0
204,1764541494425,3204,3204,3204,3204,3204,3204,3204,3204,20,10.526315689086914,19.047618865966797,9.523809432983398,14.285715103149414,9.523809432983398,5,5,9.529879570007324,17179869184,0,10434805760,0
203,1764541494630,3204,3204,3204,3204,3204,3204,3204,3204,19.047618865966797,18.18181800842285,10,10,15.000000953674316,5.263157844543457,0,0,9.529879570007324,17179869184,0,10418208768,0
204,1764541494834,3204,3204,3204,3204,3204,3204,3204,3204,23.809524536132813,15.789472579956055,15.000000953674316,5,5,9.090909004211426,9.090909004211426,0,9.529879570007324,17179869184,0,10417815552,0
202,1764541495039,3204,3204,3204,3204,3204,3204,3204,3204,31.57894515991211,33.333335876464844,25,23.809524536132813,65,55,36.842105865478516,33.333335876464844,9.529879570007324,17179869184,0,10417815552,0
204,1764541495241,3204,3204,3204,3204,3204,3204,3204,3204,47.619049072265625,45,42.105262756347656,35,45,55,50,42.85714340209961,11.813240051269531,17179869184,0,10417815552,0
204,1764541495446,3204,3204,3204,3204,3204,3204,3204,3204,10.526315689086914,14.285715103149414,9.523809432983398,9.523809432983398,9.523809432983398,0,0,0,11.813240051269531,17179869184,0,10417815552,0
204,1764541495650,3204,3204,3204,3204,3204,3204,3204,3204,25,25,19.047618865966797,15.000000953674316,14.285715103149414,19.047618865966797,13.636363983154297,0,11.813240051269531,17179869184,0,10358439936,0
202,1764541495855,3204,3204,3204,3204,3204,3204,3204,3204,40.90909194946289,35,26.3157901763916,25,10,5,5,0,11.813240051269531,17179869184,0,10359685120,0
202,1764541496057,3204,3204,3204,3204,3204,3204,3204,3204,21.052631378173828,20,10,10,15.789472579956055,15.789472579956055,5,4.761904716491699,11.813240051269531,17179869184,0,10359685120,0
204,1764541496260,3204,3204,3204,3204,3204,3204,3204,3204,55,50,47.619049072265625,57.142860412597656,47.619049072265625,38.095237731933594,40,25,10.423213958740234,17179869184,0,10359685120,0
201,1764541496465,3204,3204,3204,3204,3204,3204,3204,3204,14.285715103149414,10,9.523809432983398,5,25,23.809524536132813,0,14.285715103149414,10.423213958740234,17179869184,0,10359685120,0
204,1764541496667,3204,3204,3204,3204,3204,3204,3204,3204,10.526315689086914,10,10,5.263157844543457,5,5,4.761904716491699,0,10.423213958740234,17179869184,0,10394796032,0
200,1764541496871,3204,3204,3204,3204,3204,3204,3204,3204,28.571430206298828,33.333335876464844,20,28.571430206298828,9.090909004211426,0,5,0,10.423213958740234,17179869184,0,10413015040,0
204,1764541497072,3204,3204,3204,3204,3204,3204,3204,3204,20,15.000000953674316,15.000000953674316,19.047618865966797,0,0,0,0,10.423213958740234,17179869184,0,10413031424,0
199,1764541497277,3204,3204,3204,3204,3204,3204,3204,3204,25,20,15.000000953674316,10.526315689086914,0,0,0,0,9.196793556213379,17179869184,0,10412933120,0
204,1764541497477,3204,3204,3204,3204,3204,3204,3204,3204,15.000000953674316,15.000000953674316,10.526315689086914,10,0,0,0,0,9.196793556213379,17179869184,0,10412670976,0
204,1764541497682,3204,3204,3204,3204,3204,3204,3204,3204,20,23.809524536132813,18.18181800842285,14.285715103149414,5,4.761904716491699,0,0,9.196793556213379,17179869184,0,10412965888,0
204,1764541497887,3204,3204,3204,3204,3204,3204,3204,3204,9.523809432983398,5.263157844543457,5,0,0,0,0,0,9.196793556213379,17179869184,0,10412834816,0
203,1764541498092,3204,3204,3204,3204,3204,3204,3204,3204,10,10,5,4.761904716491699,0,0,0,0,9.196793556213379,17179869184,0,10398728192,0
204,1764541498296,3204,3204,3204,3204,3204,3204,3204,3204,15.000000953674316,14.285715103149414,9.523809432983398,5.263157844543457,0,4.761904716491699,0,0,9.531879425048828,17179869184,0,10423566336,0
204,1764541498501,3204,3204,3204,3204,3204,3204,3204,3204,15.000000953674316,23.809524536132813,10,14.285715103149414,0,0,0,0,9.531879425048828,17179869184,0,10413735936,0
202,1764541498706,3204,3204,3204,3204,3204,3204,3204,3204,15.000000953674316,15.000000953674316,20,19.047618865966797,0,0,0,0,9.531879425048828,17179869184,0,10413277184,0
204,1764541498909,3204,3204,3204,3204,3204,3204,3204,3204,9.523809432983398,9.523809432983398,5,5,0,0,0,0,9.531879425048828,17179869184,0,10398957568,0
204,1764541499114,3204,3204,3204,3204,3204,3204,3204,3204,35,31.57894515991211,28.571430206298828,25,23.809524536132813,14.285715103149414,15.000000953674316,14.285715103149414,9.531879425048828,17179869184,0,10399334400,0
201,1764541499319,3204,3204,3204,3204,3204,3204,3204,3204,19.047618865966797,19.047618865966797,15.000000953674316,14.285715103149414,9.523809432983398,0,0,0,7.901647567749023,17179869184,0,10399334400,0
204,1764541499522,3204,3204,3204,3204,3204,3204,3204,3204,20,25,15.789472579956055,15.000000953674316,5,9.090909004211426,14.285715103149414,0,7.901647567749023,17179869184,0,10399334400,0
202,1764541499727,3204,3204,3204,3204,3204,3204,3204,3204,23.809524536132813,15.000000953674316,22.72727394104004,9.523809432983398,19.047618865966797,5,4.761904716491699,0,7.901647567749023,17179869184,0,10400448512,0
199,1764541499930,3204,3204,3204,3204,3204,3204,3204,3204,15.789472579956055,20,15.000000953674316,10.526315689086914,5.263157844543457,0,0,0,7.901647567749023,17179869184,0,10400350208,0
204,1764541500130,3204,3204,3204,3204,3204,3204,3204,3204,25,25,20,15.000000953674316,15.000000953674316,19.047618865966797,10.526315689086914,25,7.901647567749023,17179869184,0,10362454016,0
202,1764541500335,3204,3204,3204,3204,3204,3204,3204,3204,15.000000953674316,14.285715103149414,14.285715103149414,9.523809432983398,9.523809432983398,0,0,0,8.229655265808105,17179869184,0,10324606976,0
200,1764541500538,3204,3204,3204,3204,3204,3204,3204,3204,19.047618865966797,20,10.526315689086914,15.000000953674316,5,9.523809432983398,13.636363983154297,4.761904716491699,8.229655265808105,17179869184,0,10324606976,0
204,1764541500738,3204,3204,3204,3204,3204,3204,3204,3204,40,35,35,30.000001907348633,50,47.36842346191406,42.105262756347656,30.000001907348633,8.229655265808105,17179869184,0,10343809024,0
203,1764541500943,3204,3204,3204,3204,3204,3204,3204,3204,66.66667175292969,60.000003814697266,60.000003814697266,61.904762268066406,95.23809814453125,90.47618865966797,80.95238494873047,80,8.229655265808105,17179869184,0,10357194752,0
203,1764541501147,3204,3204,3204,3204,3204,3204,3204,3204,26.3157901763916,25,23.809524536132813,15.000000953674316,68.42105102539063,45,35,38.095237731933594,8.229655265808105,17179869184,0,10368368640,0
203,1764541501351,3204,3204,3204,3204,3204,3204,3204,3204,20,19.047618865966797,20,10,66.66667175292969,50,19.047618865966797,10,8.414529800415039,17179869184,0,10372792320,0
200,1764541501554,3204,3204,3204,3204,3204,3204,3204,3204,35,26.3157901763916,25,23.809524536132813,35,23.809524536132813,15.000000953674316,10,8.414529800415039,17179869184,0,10372792320,0
204,1764541501755,3204,3204,3204,3204,3204,3204,3204,3204,20,28.571430206298828,15.000000953674316,5.263157844543457,14.285715103149414,9.523809432983398,5,5,8.414529800415039,17179869184,0,10378002432,0
204,1764541501960,3204,3204,3204,3204,3204,3204,3204,3204,19.047618865966797,10.526315689086914,19.047618865966797,10,5.263157844543457,0,0,0,8.414529800415039,17179869184,0,10377609216,0
204,1764541502165,3204,3204,3204,3204,3204,3204,3204,3204,15.789472579956055,19.047618865966797,15.000000953674316,10,23.809524536132813,14.285715103149414,9.523809432983398,9.523809432983398,13.76557731628418,17179869184,0,10374004736,0
204,1764541502370,3204,3204,3204,3204,3204,3204,3204,3204,14.285715103149414,10,9.523809432983398,9.090909004211426,28.571430206298828,10,5,5.263157844543457,13.76557731628418,17179869184,0,10437640192,0
204,1764541502575,3204,3204,3204,3204,3204,3204,3204,3204,14.285715103149414,14.285715103149414,9.523809432983398,5,10,4.761904716491699,4.761904716491699,0,13.76557731628418,17179869184,0,10438066176,0
202,1764541502780,3204,3204,3204,3204,3204,3204,3204,3204,28.571430206298828,25,15.789472579956055,15.000000953674316,45,40,35,23.809524536132813,13.76557731628418,17179869184,0,10444062720,0
204,1764541502983,3204,3204,3204,3204,3204,3204,3204,3204,10.526315689086914,10,10,5,10,5,0,0,13.76557731628418,17179869184,0,10438557696,0
201,1764541503189,3204,3204,3204,3204,3204,3204,3204,3204,23.809524536132813,15.000000953674316,14.285715103149414,10,4.761904716491699,4.761904716491699,0,0,10.45616340637207,17179869184,0,10438623232,0
203,1764541503391,3204,3204,3204,3204,3204,3204,3204,3204,25,23.809524536132813,20,19.047618865966797,0,0,0,0,10.45616340637207,17179869184,0,10438377472,0
200,1764541503595,3204,3204,3204,3204,3204,3204,3204,3204,15.000000953674316,23.809524536132813,10.526315689086914,15.000000953674316,4.761904716491699,0,0,0,10.45616340637207,17179869184,0,10435477504,0
202,1764541503796,3204,3204,3204,3204,3204,3204,3204,3204,20,21.052631378173828,23.809524536132813,15.000000953674316,35,19.047618865966797,19.047618865966797,14.285715103149414,10.45616340637207,17179869184,0,10446307328,0
204,1764541503998,3204,3204,3204,3204,3204,3204,3204,3204,20,15.000000953674316,15.000000953674316,14.285715103149414,31.57894515991211,31.57894515991211,20,15.789472579956055,10.45616340637207,17179869184,0,10440720384,0
204,1764541504203,3204,3204,3204,3204,3204,3204,3204,3204,20,20,10,15.789472579956055,13.636363983154297,5,5,0,9.697999954223633,17179869184,0,10441916416,0
204,1764541504408,3204,3204,3204,3204,3204,3204,3204,3204,20,19.047618865966797,19.047618865966797,19.047618865966797,0,0,0,0,9.697999954223633,17179869184,0,10441949184,0
204,1764541504613,3204,3204,3204,3204,3204,3204,3204,3204,33.333335876464844,25,25,23.809524536132813,0,0,0,0,9.697999954223633,17179869184,0,10441572352,0
201,1764541504817,3204,3204,3204,3204,3204,3204,3204,3204,10.526315689086914,10,9.523809432983398,10,0,0,0,0,9.697999954223633,17179869184,0,10441392128,0
204,1764541505019,3204,3204,3204,3204,3204,3204,3204,3204,19.047618865966797,23.809524536132813,15.000000953674316,5,31.81818199157715,9.523809432983398,5,5,9.697999954223633,17179869184,0,10442375168,0
204,1764541505224,3204,3204,3204,3204,3204,3204,3204,3204,30.000001907348633,30.000001907348633,25,25,5.263157844543457,5,9.523809432983398,0,8.771628379821777,17179869184,0,10441736192,0
202,1764541505429,3204,3204,3204,3204,3204,3204,3204,3204,19.047618865966797,15.000000953674316,15.000000953674316,10,0,0,0,0,8.771628379821777,17179869184,0,10438852608,0
200,1764541505632,3204,3204,3204,3204,3204,3204,3204,3204,15.000000953674316,15.000000953674316,19.047618865966797,14.285715103149414,0,0,0,0,8.771628379821777,17179869184,0,10437869568,0
204,1764541505833,3204,3204,3204,3204,3204,3204,3204,3204,30.000001907348633,20,20,15.789472579956055,15.000000953674316,4.761904716491699,0,0,8.771628379821777,17179869184,0,10437885952,0
204,1764541506038,3204,3204,3204,3204,3204,3204,3204,3204,25,28.571430206298828,15.789472579956055,14.285715103149414,15.000000953674316,9.523809432983398,5.263157844543457,4.761904716491699,8.771628379821777,17179869184,0,10433855488,0
203,1764541506243,3204,3204,3204,3204,3204,3204,3204,3204,30.000001907348633,35,19.047618865966797,23.809524536132813,0,0,0,0,7.448294639587402,17179869184,0,10428022784,0
200,1764541506447,3204,3204,3204,3204,3204,3204,3204,3204,19.047618865966797,10,15.000000953674316,15.000000953674316,15.000000953674316,5,5,4.761904716491699,7.448294639587402,17179869184,0,10427006976,0
201,1764541506647,3204,3204,3204,3204,3204,3204,3204,3204,27.77777862548828,25,19.047618865966797,10,0,0,0,0,7.448294639587402,17179869184,0,10425008128,0
199,1764541506849,3204,3204,3204,3204,3204,3204,3204,3204,23.809524536132813,20,21.052631378173828,15.000000953674316,0,0,0,0,7.448294639587402,17179869184,0,10424647680,0
204,1764541507049,3204,3204,3204,3204,3204,3204,3204,3204,25,20,23.809524536132813,15.000000953674316,15.000000953674316,5,0,0,7.448294639587402,17179869184,0,10424254464,0
204,1764541507254,3204,3204,3204,3204,3204,3204,3204,3204,28.571430206298828,23.809524536132813,10.526315689086914,14.285715103149414,25,14.285715103149414,9.090909004211426,0,7.240684509277344,17179869184,0,10422255616,0
203,1764541507459,3204,3204,3204,3204,3204,3204,3204,3204,15.789472579956055,10,14.285715103149414,9.523809432983398,14.285715103149414,10,0,4.761904716491699,7.240684509277344,17179869184,0,10420207616,0
204,1764541507663,3204,3204,3204,3204,3204,3204,3204,3204,9.523809432983398,10,9.523809432983398,5.263157844543457,0,0,0,0,7.240684509277344,17179869184,0,10418569216,0
204,1764541507868,3204,3204,3204,3204,3204,3204,3204,3204,10,14.285715103149414,0,5,0,0,0,0,7.240684509277344,17179869184,0,10418356224,0
203,1764541508073,3204,3204,3204,3204,3204,3204,3204,3204,14.285715103149414,5.263157844543457,13.636363983154297,9.523809432983398,0,0,0,0,7.240684509277344,17179869184,0,10417012736,0
204,1764541508276,3204,3204,3204,3204,3204,3204,3204,3204,10,9.523809432983398,10,5,0,0,0,0,7.87619686126709,17179869184,0,10416832512,0
202,1764541508481,3204,3204,3204,3204,3204,3204,3204,3204,10,10,5,5,0,0,0,0,7.87619686126709,17179869184,0,10416586752,0
204,1764541508684,3204,3204,3204,3204,3204,3204,3204,3204,10,5,5,5,0,0,0,0,7.87619686126709,17179869184,0,10416586752,0
200,1764541508889,3204,3204,3204,3204,3204,3204,3204,3204,9.523809432983398,14.285715103149414,14.285715103149414,9.090909004211426,0,4.761904716491699,0,0,7.87619686126709,17179869184,0,10403020800,0
202,1764541509090,3204,3204,3204,3204,3204,3204,3204,3204,21.052631378173828,10,10,15.789472579956055,19.047618865966797,10,5,0,7.87619686126709,17179869184,0,10404855808,0
204,1764541509292,3204,3204,3204,3204,3204,3204,3204,3204,20,20,25,15.000000953674316,55,65,60.000003814697266,36.3636360168457,7.775881767272949,17179869184,0,10458398720,0
204,1764541509496,3204,3204,3204,3204,3204,3204,3204,3204,33.333335876464844,15.000000953674316,10,9.523809432983398,10,15.000000953674316,4.761904716491699,0,7.775881767272949,17179869184,0,10458398720,0
204,1764541509701,3204,3204,3204,3204,3204,3204,3204,3204,20,15.000000953674316,10,10,14.285715103149414,4.761904716491699,0,0,7.775881767272949,17179869184,0,10458398720,0
204,1764541509907,3204,3204,3204,3204,3204,3204,3204,3204,30.000001907348633,23.809524536132813,15.000000953674316,15.000000953674316,26.3157901763916,20,14.285715103149414,5,7.775881767272949,17179869184,0,10520805376,0
199,1764541510113,3204,3204,3204,3204,3204,3204,3204,3204,23.809524536132813,19.047618865966797,19.047618865966797,10,9.090909004211426,4.761904716491699,0,0,7.775881767272949,17179869184,0,10492166144,0
204,1764541510312,3204,3204,3204,3204,3204,3204,3204,3204,15.000000953674316,10.526315689086914,10,9.523809432983398,10,10,0,0,8.050631523132324,17179869184,0,10523197440,0
204,1764541510517,3204,3204,3204,3204,3204,3204,3204,3204,45,15.000000953674316,14.285715103149414,30.000001907348633,65,47.619049072265625,28.571430206298828,14.285715103149414,8.050631523132324,17179869184,0,10430365696,0
204,1764541510722,3204,3204,3204,3204,3204,3204,3204,3204,4.761904716491699,4.761904716491699,0,0,23.809524536132813,5,75,0,8.050631523132324,17179869184,0,10430365696,0
204,1764541510927,3204,3204,3204,3204,3204,3204,3204,3204,15.000000953674316,14.285715103149414,10,9.523809432983398,45,5,5,0,8.050631523132324,17179869184,0,10399711232,0
202,1764541511133,3204,3204,3204,3204,3204,3204,3204,3204,15.000000953674316,15.789472579956055,14.285715103149414,5,10,9.523809432983398,4.761904716491699,4.761904716491699,8.050631523132324,17179869184,0,10395353088,0
204,1764541511336,3204,3204,3204,3204,3204,3204,3204,3204,28.571430206298828,23.809524536132813,25,19.047618865966797,10,10,9.523809432983398,5,9.951838493347168,17179869184,0,10399105024,0
200,1764541511541,3204,3204,3204,3204,3204,3204,3204,3204,20,10.526315689086914,15.000000953674316,10,4.761904716491699,0,0,0,9.951838493347168,17179869184,0,10399612928,0
204,1764541511742,3204,3204,3204,3204,3204,3204,3204,3204,25,23.809524536132813,25,19.047618865966797,5,9.523809432983398,0,0,9.951838493347168,17179869184,0,10399612928,0
200,1764541511947,3204,3204,3204,3204,3204,3204,3204,3204,33.333335876464844,25,20,30.000001907348633,10,0,4.761904716491699,4.761904716491699,9.951838493347168,17179869184,0,10407821312,0
202,1764541512147,3204,3204,3204,3204,3204,3204,3204,3204,15.789472579956055,28.571430206298828,20,20,15.000000953674316,14.285715103149414,9.523809432983398,5,9.951838493347168,17179869184,0,10407919616,0
203,1764541512350,3204,3204,3204,3204,3204,3204,3204,3204,20,15.000000953674316,15.000000953674316,10,4.761904716491699,0,0,0,11.349504470825195,17179869184,0,10404741120,0
204,1764541512555,3204,3204,3204,3204,3204,3204,3204,3204,25,30.000001907348633,25,15.000000953674316,5,4.761904716491699,5.263157844543457,0,11.349504470825195,17179869184,0,10396483584,0
204,1764541512760,3204,3204,3204,3204,3204,3204,3204,3204,19.047618865966797,20,18.18181800842285,9.523809432983398,15.000000953674316,10,4.761904716491699,0,11.349504470825195,17179869184,0,10396827648,0
201,1764541512965,3204,3204,3204,3204,3204,3204,3204,3204,20,14.285715103149414,5,15.000000953674316,4.761904716491699,0,0,0,11.349504470825195,17179869184,0,10396336128,0
204,1764541513167,3204,3204,3204,3204,3204,3204,3204,3204,15.789472579956055,20,15.789472579956055,20,4.761904716491699,0,0,0,8.377631187438965,17179869184,0,10372005888,0
202,1764541513371,3204,3204,3204,3204,3204,3204,3204,3204,23.809524536132813,20,19.047618865966797,10,0,0,0,4.761904716491699,8.377631187438965,17179869184,0,10371842048,0
197,1764541513578,3204,3204,3204,3204,3204,3204,3204,3204,28.571430206298828,33.333335876464844,20,28.571430206298828,0,0,0,0,8.377631187438965,17179869184,0,10372562944,0
202,1764541513776,3204,3204,3204,3204,3204,3204,3204,3204,10.526315689086914,10,9.523809432983398,0,5.263157844543457,5.263157844543457,0,0,8.377631187438965,17179869184,0,10371973120,0
204,1764541513979,3204,3204,3204,3204,3204,3204,3204,3204,38.095237731933594,36.842105865478516,31.57894515991211,33.333335876464844,25,25,23.809524536132813,38.095237731933594,8.377631187438965,17179869184,0,10356867072,0
202,1764541514184,3204,3204,3204,3204,3204,3204,3204,3204,30.000001907348633,30.000001907348633,25,25,55,42.85714340209961,40,42.105262756347656,8.131904602050781,17179869184,0,10326507520,0
202,1764541514387,3204,3204,3204,3204,3204,3204,3204,3204,40,35,40,23.809524536132813,38.095237731933594,50,23.809524536132813,9.523809432983398,8.131904602050781,17179869184,0,10295459840,0
204,1764541514590,3204,3204,3204,3204,3204,3204,3204,3204,25,20,18.18181800842285,10.526315689086914,42.105262756347656,45,16.666667938232422,23.809524536132813,8.131904602050781,17179869184,0,10303586304,0
202,1764541514795,3204,3204,3204,3204,3204,3204,3204,3204,25,23.809524536132813,15.789472579956055,19.047618865966797,31.81818199157715,23.809524536132813,27.272727966308594,10,8.131904602050781,17179869184,0,10304241664,0
204,1764541514997,3204,3204,3204,3204,3204,3204,3204,3204,19.047618865966797,20,25,10,10,9.523809432983398,5,5,8.131904602050781,17179869184,0,10286120960,0
204,1764541515202,3204,3204,3204,3204,3204,3204,3204,3204,35,35,38.095237731933594,23.809524536132813,0,0,0,0,10.214704513549805,17179869184,0,10285907968,0
204,1764541515408,3204,3204,3204,3204,3204,3204,3204,3204,15.000000953674316,19.047618865966797,10,10,0,0,0,0,10.214704513549805,17179869184,0,10285924352,0
204,1764541515612,3204,3204,3204,3204,3204,3204,3204,3204,30.000001907348633,20,23.809524536132813,20,50,45,42.85714340209961,15.000000953674316,10.214704513549805,17179869184,0,10286268416,0
204,1764541515817,3204,3204,3204,3204,3204,3204,3204,3204,28.571430206298828,15.789472579956055,20,9.523809432983398,50,25,20,18.18181800842285,10.214704513549805,17179869184,0,10286268416,0
201,1764541516022,3204,3204,3204,3204,3204,3204,3204,3204,10.526315689086914,19.047618865966797,0,5.263157844543457,9.523809432983398,5,4.761904716491699,5,10.214704513549805,17179869184,0,10305929216,0
204,1764541516224,3204,3204,3204,3204,3204,3204,3204,3204,23.809524536132813,23.809524536132813,15.000000953674316,14.285715103149414,9.523809432983398,4.761904716491699,5,0,12.139488220214844,17179869184,0,10304585728,0
204,1764541516429,3204,3204,3204,3204,3204,3204,3204,3204,20,15.789472579956055,19.047618865966797,10,15.789472579956055,19.047618865966797,5,5,12.139488220214844,17179869184,0,10305028096,0
202,1764541516633,3204,3204,3204,3204,3204,3204,3204,3204,30.000001907348633,23.809524536132813,20,9.523809432983398,25,21.052631378173828,14.285715103149414,4.761904716491699,12.139488220214844,17179869184,0,10305028096,0
204,1764541516836,3204,3204,3204,3204,3204,3204,3204,3204,25,15.000000953674316,9.523809432983398,10,19.047618865966797,9.523809432983398,5,0,12.139488220214844,17179869184,0,10305028096,0
203,1764541517041,3204,3204,3204,3204,3204,3204,3204,3204,14.285715103149414,10,9.523809432983398,5.263157844543457,0,0,0,0,12.139488220214844,17179869184,0,10302898176,0
203,1764541517244,3204,3204,3204,3204,3204,3204,3204,3204,15.789472579956055,23.809524536132813,15.000000953674316,18.18181800842285,42.85714340209961,33.333335876464844,14.285715103149414,19.047618865966797,10.631271362304688,17179869184,0,10308173824,0
200,1764541517448,3204,3204,3204,3204,3204,3204,3204,3204,35,26.3157901763916,30.000001907348633,25,26.3157901763916,20,20,23.809524536132813,10.631271362304688,17179869184,0,10402398208,0
203,1764541517649,3204,3204,3204,3204,3204,3204,3204,3204,19.047618865966797,23.809524536132813,5,5,9.090909004211426,0,0,0,10.631271362304688,17179869184,0,10402398208,0
203,1764541517852,3204,3204,3204,3204,3204,3204,3204,3204,20,20,15.000000953674316,10,26.3157901763916,20,15.000000953674316,10.526315689086914,10.631271362304688,17179869184,0,10402398208,0
201,1764541518056,3204,3204,3204,3204,3204,3204,3204,3204,15.000000953674316,15.000000953674316,15.000000953674316,10,15.000000953674316,13.636363983154297,5,4.761904716491699,10.631271362304688,17179869184,0,10403201024,0
204,1764541518258,3204,3204,3204,3204,3204,3204,3204,3204,20,20,10,14.285715103149414,4.761904716491699,0,0,0,8.303471565246582,17179869184,0,10403184640,0
200,1764541518463,3204,3204,3204,3204,3204,3204,3204,3204,42.85714340209961,25,15.000000953674316,5.263157844543457,63.15789031982422,45,28.571430206298828,23.809524536132813,8.303471565246582,17179869184,0,10451025920,0
203,1764541518663,3204,3204,3204,3204,3204,3204,3204,3204,15.789472579956055,25,15.000000953674316,10,20,15.000000953674316,20,15.000000953674316,8.303471565246582,17179869184,0,10371170304,0
202,1764541518867,3204,3204,3204,3204,3204,3204,3204,3204,15.000000953674316,19.047618865966797,5,4.761904716491699,14.285715103149414,9.523809432983398,4.761904716491699,0,8.303471565246582,17179869184,0,10370580480,0
204,1764541519070,3204,3204,3204,3204,3204,3204,3204,3204,15.000000953674316,10,10,5,10,5,0,0,8.303471565246582,17179869184,0,10353508352,0
202,1764541519275,3204,3204,3204,3204,3204,3204,3204,3204,33.333335876464844,33.333335876464844,31.81818199157715,35,9.523809432983398,4.761904716491699,0,0,10.049578666687012,17179869184,0,10353115136,0
204,1764541519478,3204,3204,3204,3204,3204,3204,3204,3204,65,60.000003814697266,55,57.142860412597656,45,45,38.095237731933594,33.333335876464844,10.049578666687012,17179869184,0,10383769600,0
204,1764541519683,3204,3204,3204,3204,3204,3204,3204,3204,20,15.789472579956055,15.000000953674316,10,5,0,0,0,10.049578666687012,17179869184,0,10383769600,0
200,1764541519888,3204,3204,3204,3204,3204,3204,3204,3204,15.000000953674316,19.047618865966797,10,14.285715103149414,0,0,0,0,10.049578666687012,17179869184,0,10383769600,0
204,1764541520088,3204,3204,3204,3204,3204,3204,3204,3204,10,10,10,10,25,0,0,0,10.049578666687012,17179869184,0,10350886912,0
203,1764541520293,3204,3204,3204,3204,3204,3204,3204,3204,9.523809432983398,5,0,0,0,4.761904716491699,0,0,10.054150581359863,17179869184,0,10350936064,0
204,1764541520498,3204,3204,3204,3204,3204,3204,3204,3204,5,5,14.285715103149414,5,0,0,0,0,10.054150581359863,17179869184,0,10359832576,0
204,1764541520702,3204,3204,3204,3204,3204,3204,3204,3204,10,14.285715103149414,4.761904716491699,4.761904716491699,0,0,0,0,10.054150581359863,17179869184,0,10317971456,0
200,1764541520907,3204,3204,3204,3204,3204,3204,3204,3204,9.523809432983398,5,0,4.761904716491699,0,0,0,0,10.054150581359863,17179869184,0,10317971456,0
203,1764541521108,3204,3204,3204,3204,3204,3204,3204,3204,25,14.285715103149414,14.285715103149414,5.263157844543457,0,0,0,0,10.054150581359863,17179869184,0,10318053376,0
203,1764541521312,3204,3204,3204,3204,3204,3204,3204,3204,15.000000953674316,15.000000953674316,10,9.523809432983398,4.761904716491699,0,4.761904716491699,0,8.269619941711426,17179869184,0,10318118912,0
199,1764541521516,3204,3204,3204,3204,3204,3204,3204,3204,15.000000953674316,10,10,10,0,0,0,0,8.269619941711426,17179869184,0,10318299136,0
201,1764541521716,3204,3204,3204,3204,3204,3204,3204,3204,14.285715103149414,10,10,5.263157844543457,0,0,0,0,8.269619941711426,17179869184,0,10318151680,0
204,1764541521918,3204,3204,3204,3204,3204,3204,3204,3204,15.789472579956055,10.526315689086914,9.523809432983398,9.523809432983398,4.761904716491699,4.761904716491699,0,0,8.269619941711426,17179869184,0,10275831808,0
204,1764541522123,3204,3204,3204,3204,3204,3204,3204,3204,9.523809432983398,9.523809432983398,10,4.761904716491699,0,0,0,0,8.269619941711426,17179869184,0,10275553280,0
204,1764541522328,3204,3204,3204,3204,3204,3204,3204,3204,10,5,5.263157844543457,5,21.052631378173828,20,0,5,7.617256164550781,17179869184,0,10288414720,0
3,1764541522533,3204,3204,3204,3204,3204,3204,3204,3204,66.66667175292969,66.66667175292969,63.6363639831543,60.000003814697266,68.18181610107422,50,33.333335876464844,33.333335876464844,7.617256164550781,17179869184,0,9290514432,0
